D-Link DCS-F1611 - 1MP HD Day & Night Fixed Dome Camera,"Rs.1,790"
D-Link DCS-F1711 - 1MP Fixed Bullet HD Analog Camera,"Rs.2,650"
"D-Link DCS-F1612, 2 Megapixel Full HD Analog Dome Camera CCTV","Rs.2,750"
D-Link DCS-F1712 2 Megapixel Full HD Outdoor Analog Bullet CCTV Camera,"Rs.3,200"
Logitech HD Webcam C270 - 960-000584,"Rs.4,100"
Dahua IMOU Cue 2 Indoor Security Camera IPC-C22EP,"Rs.4,290"
Dahua IMOU A22EP Ranger 2 HD Wi-Fi CCTV Camera IPC-A22EP,"Rs.5,100"
D-Link DCC-WHI-90 90m Premium CCTV Cable,"Rs.6,500"
D-Link DCS-F1622 2 MP Varifocal Dome Camera CCTV,"Rs.6,600"
D-Link DVR F1108 - 8 Channel HD DVR - CCTV,"Rs.10,900"
Logitech HD Webcam C310 - 960-000588,"Rs.8,900"
"D-Link DVR-F1104/P - 4 Channel 1080P Hybrid Digital Video Recorder DVR, CCTV","Rs.9,500"
Anker Roav Dash Cam C1,"Rs.18,700"
D-Link DVR-F1216 16-Channel 2 Bay Hybrid Digital Video Recorder (DVR),"Rs.18,900"
Logitech Webcam C930e - 960-000976,"Rs.20,990"
Logitech C920 HD Pro Webcam,"Rs.22,000"
Logitech BCC950 ConferenceCam - 960-000939,"Rs.26,500"
Logitech PTZ PRO 2 HD 1080p Video Camera With Enhanced Pan/Tilt And Zoom,"Rs.99,500"
Logitech MeetUp All-In-One 4K ConferenceCam with 120Â° FOV Lens,"Rs.129,000"
